{"commit":"ebc3e0ead0906f5810891944454a71b877934b56","pagesAndArtboards":{"FE09DD06-66B9-4DD6-AC63-4ADAE39E910B":{"name":"Page 1","artboards":{}}},"version":112,"fonts":[],"compatibilityVersion":99,"app":"com.bohemiancoding.sketch3","autosaved":0,"variant":"NONAPPSTORE","created":{"commit":"ebc3e0ead0906f5810891944454a71b877934b56","appVersion":"52.5","build":67469,"app":"com.bohemiancoding.sketch3","compatibilityVersion":99,"version":112,"variant":"NONAPPSTORE"},"saveHistory":["NONAPPSTORE.67469"],"appVersion":"52.5","build":67469}