{"_class":"page","do_objectID":"A51DBF7A-AE33-4015-BADD-FB8FC76AD6D6","booleanOperation":0,"exportOptions":{"_class":"exportOptions","exportFormats":[],"includedLayerIds":[],"layerOptions":0,"shouldTrim":false},"frame":{"_class":"rect","constrainProportions":false,"height":300,"width":300,"x":0,"y":0},"isFixedToViewport":false,"isFlippedHorizontal":false,"isFlippedVertical":false,"isLocked":false,"isVisible":true,"layerListExpandedType":0,"name":"Page 1","nameIsFixed":false,"resizingConstraint":0,"resizingType":0,"rotation":0,"shouldBreakMaskChain":false,"clippingMaskMode":0,"hasClippingMask":false,"style":{"_class":"style","endMarkerType":0,"miterLimit":10,"startMarkerType":0,"windingRule":1},"hasClickThrough":true,"layers":[{"_class":"artboard","do_objectID":"65840BE8-D067-4818-B21D-7B3616B42903","booleanOperation":0,"exportOptions":{"_class":"exportOptions","exportFormats":[{"_class":"exportFormat","absoluteSize":0,"fileFormat":"png","name":"","namingScheme":0,"scale":1,"visibleScaleType":0}],"includedLayerIds":[],"layerOptions":0,"shouldTrim":false},"frame":{"_class":"rect","do_objectID":"7208812A-1FEE-495A-9EA1-35FE0A1396DE","constrainProportions":false,"height":16,"width":16,"x":147,"y":63},"isFixedToViewport":false,"isFlippedHorizontal":false,"isFlippedVertical":false,"isLocked":false,"isVisible":true,"layerListExpandedType":1,"name":"infinity-favicon@16x16","nameIsFixed":true,"resizingConstraint":63,"resizingType":0,"rotation":0,"shouldBreakMaskChain":true,"clippingMaskMode":0,"hasClippingMask":false,"style":{"_class":"style","endMarkerType":0,"miterLimit":10,"startMarkerType":0,"windingRule":1},"hasClickThrough":false,"layers":[{"_class":"group","do_objectID":"1D6515F9-109D-44B6-AE46-F4CF3A246721","booleanOperation":-1,"exportOptions":{"_class":"exportOptions","do_objectID":"F8AA25A9-D17E-4C6C-9EB3-341DDD81E806","exportFormats":[],"includedLayerIds":[],"layerOptions":0,"shouldTrim":false},"frame":{"_class":"rect","do_objectID":"14DA5C3E-15CD-4E86-8C4B-662DC6EE04C9","constrainProportions":false,"height":16,"width":16,"x":0,"y":0},"isFixedToViewport":false,"isFlippedHorizontal":false,"isFlippedVertical":false,"isLocked":false,"isVisible":true,"layerListExpandedType":1,"name":"infinity-symbol","nameIsFixed":true,"resizingConstraint":63,"resizingType":0,"rotation":0,"shouldBreakMaskChain":false,"clippingMaskMode":0,"hasClippingMask":false,"style":{"_class":"style","do_objectID":"035BE2A3-7AE5-488A-9D09-3E0783EC56B4","blur":{"_class":"blur","do_objectID":"F5F3A028-5DAB-4000-8744-8813EF3A40F0","isEnabled":false,"center":"{0.5, 0.5}","motionAngle":0,"radius":0.449438202247191,"saturation":1,"type":0},"endMarkerType":0,"miterLimit":10,"startMarkerType":0,"windingRule":1},"hasClickThrough":false,"layers":[{"_class":"rectangle","do_objectID":"7C76CC66-0462-4BC9-A4E8-03EBC1621355","booleanOperation":-1,"exportOptions":{"_class":"exportOptions","do_objectID":"4AA85C87-0020-434D-82D7-F2222768E439","exportFormats":[],"includedLayerIds":[],"layerOptions":0,"shouldTrim":false},"frame":{"_class":"rect","do_objectID":"C69DCE1D-E249-46AB-9222-36E73C59E719","constrainProportions":false,"height":16,"width":16,"x":0,"y":0},"isFixedToViewport":false,"isFlippedHorizontal":false,"isFlippedVertical":false,"isLocked":false,"isVisible":true,"layerListExpandedType":0,"name":"bg","nameIsFixed":true,"resizingConstraint":63,"resizingType":0,"rotation":0,"shouldBreakMaskChain":false,"clippingMaskMode":0,"hasClippingMask":false,"style":{"_class":"style","do_objectID":"3F786633-6B6A-4FF2-AC23-F25053016563","blur":{"_class":"blur","do_objectID":"E2041649-72BC-49EE-9DD9-B41C5D419344","isEnabled":false,"center":"{0.5, 0.5}","motionAngle":0,"radius":0.449438202247191,"saturation":1,"type":0},"endMarkerType":0,"fills":[{"_class":"fill","isEnabled":true,"color":{"_class":"color","alpha":1,"blue":0,"green":0,"red":0},"fillType":0,"noiseIndex":0,"noiseIntensity":0,"patternFillType":1,"patternTileScale":1}],"miterLimit":10,"startMarkerType":0,"windingRule":1},"edited":false,"isClosed":true,"pointRadiusBehaviour":1,"points":[{"_class":"curvePoint","cornerRadius":0,"curveFrom":"{0, 0}","curveMode":1,"curveTo":"{0, 0}","hasCurveFrom":false,"hasCurveTo":false,"point":"{0, 0}"},{"_class":"curvePoint","cornerRadius":0,"curveFrom":"{1, 0}","curveMode":1,"curveTo":"{1, 0}","hasCurveFrom":false,"hasCurveTo":false,"point":"{1, 0}"},{"_class":"curvePoint","cornerRadius":0,"curveFrom":"{1, 1}","curveMode":1,"curveTo":"{1, 1}","hasCurveFrom":false,"hasCurveTo":false,"point":"{1, 1}"},{"_class":"curvePoint","cornerRadius":0,"curveFrom":"{0, 1}","curveMode":1,"curveTo":"{0, 1}","hasCurveFrom":false,"hasCurveTo":false,"point":"{0, 1}"}],"fixedRadius":0,"hasConvertedToNewRoundCorners":true},{"_class":"group","do_objectID":"4AE98EF8-9DFB-423D-9EF4-3F6597353D9E","booleanOperation":-1,"exportOptions":{"_class":"exportOptions","do_objectID":"4F8C8ABF-5180-4AF7-813D-FAE98C800468","exportFormats":[],"includedLayerIds":[],"layerOptions":0,"shouldTrim":false},"frame":{"_class":"rect","do_objectID":"63BD2D2F-A90B-4DCE-A6BD-6A8FC46816EF","constrainProportions":true,"height":9.52808988764045,"width":9.52808988764045,"x":3.235955056179775,"y":3.235955056179775},"isFixedToViewport":false,"isFlippedHorizontal":false,"isFlippedVertical":false,"isLocked":false,"isVisible":true,"layerListExpandedType":1,"name":"logo","nameIsFixed":false,"resizingConstraint":63,"resizingType":0,"rotation":0,"shouldBreakMaskChain":false,"clippingMaskMode":0,"hasClippingMask":false,"style":{"_class":"style","do_objectID":"C8EB0089-CB7D-4F2B-BDB1-7FD5AA167381","blur":{"_class":"blur","do_objectID":"20285220-9736-4370-8C2C-00BFF071DB09","isEnabled":false,"center":"{0.5, 0.5}","motionAngle":0,"radius":2.599919408495844,"saturation":1,"type":0},"endMarkerType":0,"miterLimit":10,"startMarkerType":0,"windingRule":1},"hasClickThrough":false,"layers":[{"_class":"shapeGroup","do_objectID":"696B2DF7-8B04-4D63-8676-8BBBD6DD4D1B","booleanOperation":-1,"exportOptions":{"_class":"exportOptions","do_objectID":"7E619392-86ED-457A-971E-3D682350358C","exportFormats":[],"includedLayerIds":[],"layerOptions":0,"shouldTrim":false},"frame":{"_class":"rect","do_objectID":"BD685E93-0D86-4966-BD7B-9CCEF4ACEA10","constrainProportions":false,"height":9.52808988764045,"width":9.52808988764045,"x":0,"y":0},"isFixedToViewport":false,"isFlippedHorizontal":false,"isFlippedVertical":false,"isLocked":false,"isVisible":true,"layerListExpandedType":1,"name":"Shape","nameIsFixed":false,"resizingConstraint":63,"resizingType":0,"rotation":0,"shouldBreakMaskChain":false,"clippingMaskMode":0,"hasClippingMask":false,"style":{"_class":"style","do_objectID":"06668FF5-2547-4A0B-9EDE-0ED2D41DA21B","blur":{"_class":"blur","do_objectID":"EAE3ABDD-1B34-44A7-82E7-42DD65087410","isEnabled":false,"center":"{0.5, 0.5}","motionAngle":0,"radius":2.599919408495844,"saturation":1,"type":0},"endMarkerType":0,"fills":[{"_class":"fill","isEnabled":true,"color":{"_class":"color","alpha":1,"blue":1,"green":1,"red":1},"fillType":0,"noiseIndex":0,"noiseIntensity":0,"patternFillType":1,"patternTileScale":1}],"miterLimit":10,"startMarkerType":0,"windingRule":0},"hasClickThrough":false,"layers":[{"_class":"shapePath","do_objectID":"AFE79EDF-CC3A-4311-AD35-56E420A3F06B","booleanOperation":-1,"exportOptions":{"_class":"exportOptions","do_objectID":"8ABA2E32-5C14-469B-8304-627B029FC80C","exportFormats":[],"includedLayerIds":[],"layerOptions":0,"shouldTrim":false},"frame":{"_class":"rect","do_objectID":"9CA53343-2385-4FA9-9B92-75617B202AF0","constrainProportions":false,"height":9.52808988764045,"width":9.52808988764045,"x":0,"y":0},"isFixedToViewport":false,"isFlippedHorizontal":false,"isFlippedVertical":false,"isLocked":false,"isVisible":true,"layerListExpandedType":0,"name":"Path","nameIsFixed":false,"resizingConstraint":63,"resizingType":0,"rotation":0,"shouldBreakMaskChain":false,"clippingMaskMode":0,"hasClippingMask":false,"style":{"_class":"style","do_objectID":"0E26646D-9825-4D0F-957A-29773206957E","blur":{"_class":"blur","do_objectID":"F734AB90-608B-434F-84AB-003FB9C53E21","isEnabled":false,"center":"{0.5, 0.5}","motionAngle":0,"radius":2.599919408495844,"saturation":1,"type":0},"endMarkerType":0,"miterLimit":10,"startMarkerType":0,"windingRule":1},"edited":true,"isClosed":true,"pointRadiusBehaviour":1,"points":[{"_class":"curvePoint","cornerRadius":0,"curveFrom":"{0.22385762499999998, 1}","curveMode":2,"curveTo":"{0.77614237272727271, 1}","hasCurveFrom":true,"hasCurveTo":true,"point":"{0.5, 1}"},{"_class":"curvePoint","cornerRadius":0,"curveFrom":"{0, 0.22385762499999998}","curveMode":2,"curveTo":"{0, 0.77614237272727271}","hasCurveFrom":true,"hasCurveTo":true,"point":"{0, 0.5}"},{"_class":"curvePoint","cornerRadius":0,"curveFrom":"{0.77614237272727271, 0}","curveMode":2,"curveTo":"{0.22385762499999998, 0}","hasCurveFrom":true,"hasCurveTo":true,"point":"{0.5, 0}"},{"_class":"curvePoint","cornerRadius":0,"curveFrom":"{1, 0.77614237272727271}","curveMode":2,"curveTo":"{1, 0.22385762499999998}","hasCurveFrom":true,"hasCurveTo":true,"point":"{1, 0.5}"}]},{"_class":"shapePath","do_objectID":"72AB2F97-5A1D-41DC-861D-3D788DC54703","booleanOperation":-1,"exportOptions":{"_class":"exportOptions","do_objectID":"CB67BFBC-E91B-482D-A704-753E4B869044","exportFormats":[],"includedLayerIds":[],"layerOptions":0,"shouldTrim":false},"frame":{"_class":"rect","do_objectID":"7A661E23-B5B8-4FD3-B50C-EEA889AE267B","constrainProportions":false,"height":7.622471910112359,"width":7.622471910112359,"x":0.9528089887640454,"y":0.9528089887640454},"isFixedToViewport":false,"isFlippedHorizontal":false,"isFlippedVertical":false,"isLocked":false,"isVisible":true,"layerListExpandedType":0,"name":"Path","nameIsFixed":false,"resizingConstraint":63,"resizingType":0,"rotation":0,"shouldBreakMaskChain":false,"clippingMaskMode":0,"hasClippingMask":false,"style":{"_class":"style","do_objectID":"854DFAA7-3783-492C-916E-9A8D6FCC6762","blur":{"_class":"blur","do_objectID":"FF31A62C-E9C6-47B6-8C67-E5BDA44B3B68","isEnabled":false,"center":"{0.5, 0.5}","motionAngle":0,"radius":2.599919408495844,"saturation":1,"type":0},"endMarkerType":0,"miterLimit":10,"startMarkerType":0,"windingRule":1},"edited":true,"isClosed":true,"pointRadiusBehaviour":1,"points":[{"_class":"curvePoint","cornerRadius":0,"curveFrom":"{0.77614237499999994, 1}","curveMode":2,"curveTo":"{0.22385762499999995, 1}","hasCurveFrom":true,"hasCurveTo":true,"point":"{0.5, 1}"},{"_class":"curvePoint","cornerRadius":0,"curveFrom":"{1, 0.22385762499999995}","curveMode":2,"curveTo":"{1, 0.77614237499999994}","hasCurveFrom":true,"hasCurveTo":true,"point":"{1, 0.5}"},{"_class":"curvePoint","cornerRadius":0,"curveFrom":"{0.22385762499999995, 0}","curveMode":2,"curveTo":"{0.77614237499999994, 0}","hasCurveFrom":true,"hasCurveTo":true,"point":"{0.5, 0}"},{"_class":"curvePoint","cornerRadius":0,"curveFrom":"{0, 0.77614237499999994}","curveMode":2,"curveTo":"{0, 0.22385762499999995}","hasCurveFrom":true,"hasCurveTo":true,"point":"{0, 0.5}"}]}],"windingRule":0}]}]}],"backgroundColor":{"_class":"color","alpha":1,"blue":1,"green":1,"red":1},"hasBackgroundColor":false,"horizontalRulerData":{"_class":"rulerData","base":0,"guides":[]},"includeBackgroundColorInExport":true,"includeInCloudUpload":true,"isFlowHome":false,"resizesContent":false,"verticalRulerData":{"_class":"rulerData","base":0,"guides":[]}},{"_class":"artboard","do_objectID":"A5E8CD31-37A7-47B0-93E1-5AACF58F47D7","booleanOperation":0,"exportOptions":{"_class":"exportOptions","exportFormats":[{"_class":"exportFormat","absoluteSize":0,"fileFormat":"png","name":"","namingScheme":0,"scale":1,"visibleScaleType":0}],"includedLayerIds":[],"layerOptions":0,"shouldTrim":false},"frame":{"_class":"rect","do_objectID":"81F8304C-B13C-4F63-8BDF-5128FE83EEEF","constrainProportions":false,"height":32,"width":32,"x":183,"y":63},"isFixedToViewport":false,"isFlippedHorizontal":false,"isFlippedVertical":false,"isLocked":false,"isVisible":true,"layerListExpandedType":1,"name":"infinity-favicon@32x32","nameIsFixed":true,"resizingConstraint":63,"resizingType":0,"rotation":0,"shouldBreakMaskChain":true,"clippingMaskMode":0,"hasClippingMask":false,"style":{"_class":"style","endMarkerType":0,"miterLimit":10,"startMarkerType":0,"windingRule":1},"hasClickThrough":false,"layers":[{"_class":"group","do_objectID":"E22D1C0F-061F-4C0C-B80A-44A13C44663C","booleanOperation":-1,"exportOptions":{"_class":"exportOptions","do_objectID":"D5B16DB0-D1CC-47DC-B695-4B763EF5FB40","exportFormats":[],"includedLayerIds":[],"layerOptions":0,"shouldTrim":false},"frame":{"_class":"rect","do_objectID":"342E8837-EEFD-4CCB-B593-C5809C10A310","constrainProportions":false,"height":32,"width":32,"x":0,"y":0},"isFixedToViewport":false,"isFlippedHorizontal":false,"isFlippedVertical":false,"isLocked":false,"isVisible":true,"layerListExpandedType":1,"name":"infinity-symbol","nameIsFixed":true,"resizingConstraint":63,"resizingType":0,"rotation":0,"shouldBreakMaskChain":false,"clippingMaskMode":0,"hasClippingMask":false,"style":{"_class":"style","do_objectID":"F5730D5B-1C68-40D9-B0B3-D4ABCB937163","blur":{"_class":"blur","do_objectID":"259C5FBC-A7F3-4340-8A53-F2C336718C29","isEnabled":false,"center":"{0.5, 0.5}","motionAngle":0,"radius":0.898876404494382,"saturation":1,"type":0},"endMarkerType":0,"miterLimit":10,"startMarkerType":0,"windingRule":1},"hasClickThrough":false,"layers":[{"_class":"rectangle","do_objectID":"9A66D7BE-9BCD-4F22-BF67-09271994DD12","booleanOperation":-1,"exportOptions":{"_class":"exportOptions","do_objectID":"FBD60DF4-E216-43E9-8217-7CC9DEB3FA04","exportFormats":[],"includedLayerIds":[],"layerOptions":0,"shouldTrim":false},"frame":{"_class":"rect","do_objectID":"6540BF99-E136-4E82-A2EE-B789CBF90C3D","constrainProportions":false,"height":32,"width":32,"x":0,"y":0},"isFixedToViewport":false,"isFlippedHorizontal":false,"isFlippedVertical":false,"isLocked":false,"isVisible":true,"layerListExpandedType":0,"name":"bg","nameIsFixed":true,"resizingConstraint":63,"resizingType":0,"rotation":0,"shouldBreakMaskChain":false,"clippingMaskMode":0,"hasClippingMask":false,"style":{"_class":"style","do_objectID":"41FD2563-0E2C-4242-A86F-1DB7C46392CC","blur":{"_class":"blur","do_objectID":"226F7761-8DF3-41FA-9BE6-C2017400A26C","isEnabled":false,"center":"{0.5, 0.5}","motionAngle":0,"radius":0.898876404494382,"saturation":1,"type":0},"endMarkerType":0,"fills":[{"_class":"fill","isEnabled":true,"color":{"_class":"color","alpha":1,"blue":0,"green":0,"red":0},"fillType":0,"noiseIndex":0,"noiseIntensity":0,"patternFillType":1,"patternTileScale":1}],"miterLimit":10,"startMarkerType":0,"windingRule":1},"edited":false,"isClosed":true,"pointRadiusBehaviour":1,"points":[{"_class":"curvePoint","cornerRadius":0,"curveFrom":"{0, 0}","curveMode":1,"curveTo":"{0, 0}","hasCurveFrom":false,"hasCurveTo":false,"point":"{0, 0}"},{"_class":"curvePoint","cornerRadius":0,"curveFrom":"{1, 0}","curveMode":1,"curveTo":"{1, 0}","hasCurveFrom":false,"hasCurveTo":false,"point":"{1, 0}"},{"_class":"curvePoint","cornerRadius":0,"curveFrom":"{1, 1}","curveMode":1,"curveTo":"{1, 1}","hasCurveFrom":false,"hasCurveTo":false,"point":"{1, 1}"},{"_class":"curvePoint","cornerRadius":0,"curveFrom":"{0, 1}","curveMode":1,"curveTo":"{0, 1}","hasCurveFrom":false,"hasCurveTo":false,"point":"{0, 1}"}],"fixedRadius":0,"hasConvertedToNewRoundCorners":true},{"_class":"group","do_objectID":"C35ADA44-41B4-4331-B016-AB182A59A847","booleanOperation":-1,"exportOptions":{"_class":"exportOptions","do_objectID":"B1266B6F-13D6-4D8C-9539-E9B15A5C5F12","exportFormats":[],"includedLayerIds":[],"layerOptions":0,"shouldTrim":false},"frame":{"_class":"rect","do_objectID":"3C46EB7C-DEAA-4B0C-82E0-A0C1AC668C13","constrainProportions":true,"height":19.0561797752809,"width":19.0561797752809,"x":6.47191011235955,"y":6.47191011235955},"isFixedToViewport":false,"isFlippedHorizontal":false,"isFlippedVertical":false,"isLocked":false,"isVisible":true,"layerListExpandedType":1,"name":"logo","nameIsFixed":false,"resizingConstraint":63,"resizingType":0,"rotation":0,"shouldBreakMaskChain":false,"clippingMaskMode":0,"hasClippingMask":false,"style":{"_class":"style","do_objectID":"1B41CF53-EE11-42CB-AF4E-66F72E801B82","blur":{"_class":"blur","do_objectID":"BA11B303-E9E7-4043-B231-C1ECFEE01B52","isEnabled":false,"center":"{0.5, 0.5}","motionAngle":0,"radius":5.199838816991688,"saturation":1,"type":0},"endMarkerType":0,"miterLimit":10,"startMarkerType":0,"windingRule":1},"hasClickThrough":false,"layers":[{"_class":"shapeGroup","do_objectID":"BA9F8AAF-FA99-4AE9-BA71-139FBDB33E36","booleanOperation":-1,"exportOptions":{"_class":"exportOptions","do_objectID":"8D78EB57-2A16-4E4F-8FF2-18B2FECCCE9D","exportFormats":[],"includedLayerIds":[],"layerOptions":0,"shouldTrim":false},"frame":{"_class":"rect","do_objectID":"5029265F-168A-4586-B63E-1245BFDC019D","constrainProportions":false,"height":19.0561797752809,"width":19.0561797752809,"x":0,"y":0},"isFixedToViewport":false,"isFlippedHorizontal":false,"isFlippedVertical":false,"isLocked":false,"isVisible":true,"layerListExpandedType":1,"name":"Shape","nameIsFixed":false,"resizingConstraint":63,"resizingType":0,"rotation":0,"shouldBreakMaskChain":false,"clippingMaskMode":0,"hasClippingMask":false,"style":{"_class":"style","do_objectID":"F0F158BE-649F-452A-BCEA-761E82EBFAD7","blur":{"_class":"blur","do_objectID":"155592D5-470C-4D36-9B44-6CBCC5473BB7","isEnabled":false,"center":"{0.5, 0.5}","motionAngle":0,"radius":5.199838816991688,"saturation":1,"type":0},"endMarkerType":0,"fills":[{"_class":"fill","isEnabled":true,"color":{"_class":"color","alpha":1,"blue":1,"green":1,"red":1},"fillType":0,"noiseIndex":0,"noiseIntensity":0,"patternFillType":1,"patternTileScale":1}],"miterLimit":10,"startMarkerType":0,"windingRule":0},"hasClickThrough":false,"layers":[{"_class":"shapePath","do_objectID":"5A441843-A0C8-43D7-BFDB-DF6E83D817B7","booleanOperation":-1,"exportOptions":{"_class":"exportOptions","do_objectID":"89A3CFBE-F85F-487E-A9C7-315DC0274FE6","exportFormats":[],"includedLayerIds":[],"layerOptions":0,"shouldTrim":false},"frame":{"_class":"rect","do_objectID":"BF27D913-F84D-4539-9610-C4A559FE6681","constrainProportions":false,"height":19.0561797752809,"width":19.0561797752809,"x":0,"y":0},"isFixedToViewport":false,"isFlippedHorizontal":false,"isFlippedVertical":false,"isLocked":false,"isVisible":true,"layerListExpandedType":0,"name":"Path","nameIsFixed":false,"resizingConstraint":63,"resizingType":0,"rotation":0,"shouldBreakMaskChain":false,"clippingMaskMode":0,"hasClippingMask":false,"style":{"_class":"style","do_objectID":"2E8DADD7-8633-4247-BAC5-176574E9EDFA","blur":{"_class":"blur","do_objectID":"0F980507-A304-4ADF-A0C6-18C7FEE1371C","isEnabled":false,"center":"{0.5, 0.5}","motionAngle":0,"radius":5.199838816991688,"saturation":1,"type":0},"endMarkerType":0,"miterLimit":10,"startMarkerType":0,"windingRule":1},"edited":true,"isClosed":true,"pointRadiusBehaviour":1,"points":[{"_class":"curvePoint","cornerRadius":0,"curveFrom":"{0.22385762499999998, 1}","curveMode":2,"curveTo":"{0.77614237272727271, 1}","hasCurveFrom":true,"hasCurveTo":true,"point":"{0.5, 1}"},{"_class":"curvePoint","cornerRadius":0,"curveFrom":"{0, 0.22385762499999998}","curveMode":2,"curveTo":"{0, 0.77614237272727271}","hasCurveFrom":true,"hasCurveTo":true,"point":"{0, 0.5}"},{"_class":"curvePoint","cornerRadius":0,"curveFrom":"{0.77614237272727271, 0}","curveMode":2,"curveTo":"{0.22385762499999998, 0}","hasCurveFrom":true,"hasCurveTo":true,"point":"{0.5, 0}"},{"_class":"curvePoint","cornerRadius":0,"curveFrom":"{1, 0.77614237272727271}","curveMode":2,"curveTo":"{1, 0.22385762499999998}","hasCurveFrom":true,"hasCurveTo":true,"point":"{1, 0.5}"}]},{"_class":"shapePath","do_objectID":"367595F3-01AE-4B77-B121-8EE5FA7497C7","booleanOperation":-1,"exportOptions":{"_class":"exportOptions","do_objectID":"B3A67F2B-BB8E-4C1A-8C5D-0CAC85176A85","exportFormats":[],"includedLayerIds":[],"layerOptions":0,"shouldTrim":false},"frame":{"_class":"rect","do_objectID":"D2FAB606-79C8-47CF-AC49-AB96A40E059F","constrainProportions":false,"height":15.24494382022472,"width":15.24494382022472,"x":1.905617977528091,"y":1.905617977528091},"isFixedToViewport":false,"isFlippedHorizontal":false,"isFlippedVertical":false,"isLocked":false,"isVisible":true,"layerListExpandedType":0,"name":"Path","nameIsFixed":false,"resizingConstraint":63,"resizingType":0,"rotation":0,"shouldBreakMaskChain":false,"clippingMaskMode":0,"hasClippingMask":false,"style":{"_class":"style","do_objectID":"3FA1AB2D-DE7C-481C-82FF-2D5EE4E52021","blur":{"_class":"blur","do_objectID":"CD5BE7C8-2D80-4C93-BA2E-DA87F7082F42","isEnabled":false,"center":"{0.5, 0.5}","motionAngle":0,"radius":5.199838816991688,"saturation":1,"type":0},"endMarkerType":0,"miterLimit":10,"startMarkerType":0,"windingRule":1},"edited":true,"isClosed":true,"pointRadiusBehaviour":1,"points":[{"_class":"curvePoint","cornerRadius":0,"curveFrom":"{0.77614237499999994, 1}","curveMode":2,"curveTo":"{0.22385762499999995, 1}","hasCurveFrom":true,"hasCurveTo":true,"point":"{0.5, 1}"},{"_class":"curvePoint","cornerRadius":0,"curveFrom":"{1, 0.22385762499999995}","curveMode":2,"curveTo":"{1, 0.77614237499999994}","hasCurveFrom":true,"hasCurveTo":true,"point":"{1, 0.5}"},{"_class":"curvePoint","cornerRadius":0,"curveFrom":"{0.22385762499999995, 0}","curveMode":2,"curveTo":"{0.77614237499999994, 0}","hasCurveFrom":true,"hasCurveTo":true,"point":"{0.5, 0}"},{"_class":"curvePoint","cornerRadius":0,"curveFrom":"{0, 0.77614237499999994}","curveMode":2,"curveTo":"{0, 0.22385762499999995}","hasCurveFrom":true,"hasCurveTo":true,"point":"{0, 0.5}"}]}],"windingRule":0}]}]}],"backgroundColor":{"_class":"color","alpha":1,"blue":1,"green":1,"red":1},"hasBackgroundColor":false,"horizontalRulerData":{"_class":"rulerData","base":0,"guides":[]},"includeBackgroundColorInExport":true,"includeInCloudUpload":true,"isFlowHome":false,"resizesContent":false,"verticalRulerData":{"_class":"rulerData","base":0,"guides":[]}},{"_class":"artboard","do_objectID":"B294410A-E1EB-4239-9F30-A35456EB7E19","booleanOperation":0,"exportOptions":{"_class":"exportOptions","exportFormats":[{"_class":"exportFormat","absoluteSize":0,"fileFormat":"png","name":"","namingScheme":0,"scale":1,"visibleScaleType":0}],"includedLayerIds":[],"layerOptions":0,"shouldTrim":false},"frame":{"_class":"rect","do_objectID":"EB6F1834-C9C7-4EF2-958E-02F5CE6C76F2","constrainProportions":false,"height":48,"width":48,"x":235,"y":63},"isFixedToViewport":false,"isFlippedHorizontal":false,"isFlippedVertical":false,"isLocked":false,"isVisible":true,"layerListExpandedType":1,"name":"infinity-favicon@48x48","nameIsFixed":true,"resizingConstraint":63,"resizingType":0,"rotation":0,"shouldBreakMaskChain":true,"clippingMaskMode":0,"hasClippingMask":false,"style":{"_class":"style","endMarkerType":0,"miterLimit":10,"startMarkerType":0,"windingRule":1},"hasClickThrough":false,"layers":[{"_class":"group","do_objectID":"FFD3EFC9-191E-43BF-BA30-25E89A0CD556","booleanOperation":-1,"exportOptions":{"_class":"exportOptions","do_objectID":"B7B72B42-6419-493C-B5CF-3F39D55F4AE9","exportFormats":[],"includedLayerIds":[],"layerOptions":0,"shouldTrim":false},"frame":{"_class":"rect","do_objectID":"60D5119A-A009-4346-A5C2-26866F79E74B","constrainProportions":false,"height":48,"width":48,"x":0,"y":0},"isFixedToViewport":false,"isFlippedHorizontal":false,"isFlippedVertical":false,"isLocked":false,"isVisible":true,"layerListExpandedType":1,"name":"infinity-symbol","nameIsFixed":true,"resizingConstraint":63,"resizingType":0,"rotation":0,"shouldBreakMaskChain":false,"clippingMaskMode":0,"hasClippingMask":false,"style":{"_class":"style","do_objectID":"D5F3E5F5-4E21-4B36-9EA3-76A31D5657C8","blur":{"_class":"blur","do_objectID":"621121D4-8D31-418E-9527-5781FA71AB74","isEnabled":false,"center":"{0.5, 0.5}","motionAngle":0,"radius":1.348314606741573,"saturation":1,"type":0},"endMarkerType":0,"miterLimit":10,"startMarkerType":0,"windingRule":1},"hasClickThrough":false,"layers":[{"_class":"rectangle","do_objectID":"C5E25AD7-593E-4B58-B4EA-BF553A71D08F","booleanOperation":-1,"exportOptions":{"_class":"exportOptions","do_objectID":"512D7D87-90F2-43AD-8D89-CEB1B9AED5B4","exportFormats":[],"includedLayerIds":[],"layerOptions":0,"shouldTrim":false},"frame":{"_class":"rect","do_objectID":"A1FBFB07-E93C-4F88-AA6C-965AC79B9D7D","constrainProportions":false,"height":48,"width":48,"x":0,"y":0},"isFixedToViewport":false,"isFlippedHorizontal":false,"isFlippedVertical":false,"isLocked":false,"isVisible":true,"layerListExpandedType":0,"name":"bg","nameIsFixed":true,"resizingConstraint":63,"resizingType":0,"rotation":0,"shouldBreakMaskChain":false,"clippingMaskMode":0,"hasClippingMask":false,"style":{"_class":"style","do_objectID":"F5D6B675-0F1D-4FF2-B94C-454DCFC5BE32","blur":{"_class":"blur","do_objectID":"E6DBDB15-F1F8-4696-A32F-98ABCF2D5791","isEnabled":false,"center":"{0.5, 0.5}","motionAngle":0,"radius":1.348314606741573,"saturation":1,"type":0},"endMarkerType":0,"fills":[{"_class":"fill","isEnabled":true,"color":{"_class":"color","alpha":1,"blue":0,"green":0,"red":0},"fillType":0,"noiseIndex":0,"noiseIntensity":0,"patternFillType":1,"patternTileScale":1}],"miterLimit":10,"startMarkerType":0,"windingRule":1},"edited":false,"isClosed":true,"pointRadiusBehaviour":1,"points":[{"_class":"curvePoint","cornerRadius":0,"curveFrom":"{0, 0}","curveMode":1,"curveTo":"{0, 0}","hasCurveFrom":false,"hasCurveTo":false,"point":"{0, 0}"},{"_class":"curvePoint","cornerRadius":0,"curveFrom":"{1, 0}","curveMode":1,"curveTo":"{1, 0}","hasCurveFrom":false,"hasCurveTo":false,"point":"{1, 0}"},{"_class":"curvePoint","cornerRadius":0,"curveFrom":"{1, 1}","curveMode":1,"curveTo":"{1, 1}","hasCurveFrom":false,"hasCurveTo":false,"point":"{1, 1}"},{"_class":"curvePoint","cornerRadius":0,"curveFrom":"{0, 1}","curveMode":1,"curveTo":"{0, 1}","hasCurveFrom":false,"hasCurveTo":false,"point":"{0, 1}"}],"fixedRadius":0,"hasConvertedToNewRoundCorners":true},{"_class":"group","do_objectID":"6F8096D9-11F8-480F-A71A-4FD20CDEFF23","booleanOperation":-1,"exportOptions":{"_class":"exportOptions","do_objectID":"41CBC521-653D-494B-B31A-4C29A1FC2EA9","exportFormats":[],"includedLayerIds":[],"layerOptions":0,"shouldTrim":false},"frame":{"_class":"rect","do_objectID":"3A05D334-D64B-4510-B902-FD21F3290F71","constrainProportions":true,"height":28.58426966292135,"width":28.58426966292135,"x":9.707865168539325,"y":9.707865168539325},"isFixedToViewport":false,"isFlippedHorizontal":false,"isFlippedVertical":false,"isLocked":false,"isVisible":true,"layerListExpandedType":1,"name":"logo","nameIsFixed":false,"resizingConstraint":63,"resizingType":0,"rotation":0,"shouldBreakMaskChain":false,"clippingMaskMode":0,"hasClippingMask":false,"style":{"_class":"style","do_objectID":"F47DD206-28FD-4BC1-8BD6-FD844B1FFA7D","blur":{"_class":"blur","do_objectID":"8052CA51-6A4C-4B9E-A459-3C0081B9E6C6","isEnabled":false,"center":"{0.5, 0.5}","motionAngle":0,"radius":7.799758225487532,"saturation":1,"type":0},"endMarkerType":0,"miterLimit":10,"startMarkerType":0,"windingRule":1},"hasClickThrough":false,"layers":[{"_class":"shapeGroup","do_objectID":"9E2090FE-1DF0-4B9E-B95F-80B1CB146C7A","booleanOperation":-1,"exportOptions":{"_class":"exportOptions","do_objectID":"DAE32DA7-C56E-4E57-92BD-0529185CEEE4","exportFormats":[],"includedLayerIds":[],"layerOptions":0,"shouldTrim":false},"frame":{"_class":"rect","do_objectID":"A6E31927-23C8-4A96-868B-D82B44CF1CD4","constrainProportions":false,"height":28.58426966292135,"width":28.58426966292135,"x":0,"y":0},"isFixedToViewport":false,"isFlippedHorizontal":false,"isFlippedVertical":false,"isLocked":false,"isVisible":true,"layerListExpandedType":1,"name":"Shape","nameIsFixed":false,"resizingConstraint":63,"resizingType":0,"rotation":0,"shouldBreakMaskChain":false,"clippingMaskMode":0,"hasClippingMask":false,"style":{"_class":"style","do_objectID":"5A11C967-67B6-4EB6-8052-EDCD784CD10E","blur":{"_class":"blur","do_objectID":"A6F20D47-0DBF-4A39-9768-322ADB0D192C","isEnabled":false,"center":"{0.5, 0.5}","motionAngle":0,"radius":7.799758225487532,"saturation":1,"type":0},"endMarkerType":0,"fills":[{"_class":"fill","isEnabled":true,"color":{"_class":"color","alpha":1,"blue":1,"green":1,"red":1},"fillType":0,"noiseIndex":0,"noiseIntensity":0,"patternFillType":1,"patternTileScale":1}],"miterLimit":10,"startMarkerType":0,"windingRule":0},"hasClickThrough":false,"layers":[{"_class":"shapePath","do_objectID":"03B3838A-12AA-4B63-AFC4-BF1AC7CC4157","booleanOperation":-1,"exportOptions":{"_class":"exportOptions","do_objectID":"5BD44384-1293-44F4-8F53-EDECF63C117E","exportFormats":[],"includedLayerIds":[],"layerOptions":0,"shouldTrim":false},"frame":{"_class":"rect","do_objectID":"CEC35A60-09A7-4E56-B085-5B79C0D8C7D3","constrainProportions":false,"height":28.58426966292135,"width":28.58426966292135,"x":0,"y":0},"isFixedToViewport":false,"isFlippedHorizontal":false,"isFlippedVertical":false,"isLocked":false,"isVisible":true,"layerListExpandedType":0,"name":"Path","nameIsFixed":false,"resizingConstraint":63,"resizingType":0,"rotation":0,"shouldBreakMaskChain":false,"clippingMaskMode":0,"hasClippingMask":false,"style":{"_class":"style","do_objectID":"713A8529-3561-4C78-BB00-4ABFB1EB623C","blur":{"_class":"blur","do_objectID":"659801C6-6CAB-4C54-A5B1-BE0B0DB3F328","isEnabled":false,"center":"{0.5, 0.5}","motionAngle":0,"radius":7.799758225487532,"saturation":1,"type":0},"endMarkerType":0,"miterLimit":10,"startMarkerType":0,"windingRule":1},"edited":true,"isClosed":true,"pointRadiusBehaviour":1,"points":[{"_class":"curvePoint","cornerRadius":0,"curveFrom":"{0.22385762499999998, 1}","curveMode":2,"curveTo":"{0.77614237272727271, 1}","hasCurveFrom":true,"hasCurveTo":true,"point":"{0.5, 1}"},{"_class":"curvePoint","cornerRadius":0,"curveFrom":"{0, 0.22385762499999998}","curveMode":2,"curveTo":"{0, 0.77614237272727271}","hasCurveFrom":true,"hasCurveTo":true,"point":"{0, 0.5}"},{"_class":"curvePoint","cornerRadius":0,"curveFrom":"{0.77614237272727271, 0}","curveMode":2,"curveTo":"{0.22385762499999998, 0}","hasCurveFrom":true,"hasCurveTo":true,"point":"{0.5, 0}"},{"_class":"curvePoint","cornerRadius":0,"curveFrom":"{1, 0.77614237272727271}","curveMode":2,"curveTo":"{1, 0.22385762499999998}","hasCurveFrom":true,"hasCurveTo":true,"point":"{1, 0.5}"}]},{"_class":"shapePath","do_objectID":"79913591-ED21-47DE-BC26-FC61574C4E17","booleanOperation":-1,"exportOptions":{"_class":"exportOptions","do_objectID":"DAA8F961-FE64-446C-88B4-9800FCA66C57","exportFormats":[],"includedLayerIds":[],"layerOptions":0,"shouldTrim":false},"frame":{"_class":"rect","do_objectID":"CC6B4F99-B968-4B1D-BA27-C23A643EAE06","constrainProportions":false,"height":22.86741573033708,"width":22.86741573033708,"x":2.858426966292136,"y":2.858426966292136},"isFixedToViewport":false,"isFlippedHorizontal":false,"isFlippedVertical":false,"isLocked":false,"isVisible":true,"layerListExpandedType":0,"name":"Path","nameIsFixed":false,"resizingConstraint":63,"resizingType":0,"rotation":0,"shouldBreakMaskChain":false,"clippingMaskMode":0,"hasClippingMask":false,"style":{"_class":"style","do_objectID":"B93C95B1-59EE-4F0F-B101-70B533A70E84","blur":{"_class":"blur","do_objectID":"16CF5D01-070E-48AB-9B59-B2753B1876C5","isEnabled":false,"center":"{0.5, 0.5}","motionAngle":0,"radius":7.799758225487532,"saturation":1,"type":0},"endMarkerType":0,"miterLimit":10,"startMarkerType":0,"windingRule":1},"edited":true,"isClosed":true,"pointRadiusBehaviour":1,"points":[{"_class":"curvePoint","cornerRadius":0,"curveFrom":"{0.77614237499999994, 1}","curveMode":2,"curveTo":"{0.22385762499999995, 1}","hasCurveFrom":true,"hasCurveTo":true,"point":"{0.5, 1}"},{"_class":"curvePoint","cornerRadius":0,"curveFrom":"{1, 0.22385762499999995}","curveMode":2,"curveTo":"{1, 0.77614237499999994}","hasCurveFrom":true,"hasCurveTo":true,"point":"{1, 0.5}"},{"_class":"curvePoint","cornerRadius":0,"curveFrom":"{0.22385762499999995, 0}","curveMode":2,"curveTo":"{0.77614237499999994, 0}","hasCurveFrom":true,"hasCurveTo":true,"point":"{0.5, 0}"},{"_class":"curvePoint","cornerRadius":0,"curveFrom":"{0, 0.77614237499999994}","curveMode":2,"curveTo":"{0, 0.22385762499999995}","hasCurveFrom":true,"hasCurveTo":true,"point":"{0, 0.5}"}]}],"windingRule":0}]}]}],"backgroundColor":{"_class":"color","alpha":1,"blue":1,"green":1,"red":1},"hasBackgroundColor":false,"horizontalRulerData":{"_class":"rulerData","base":0,"guides":[]},"includeBackgroundColorInExport":true,"includeInCloudUpload":true,"isFlowHome":false,"resizesContent":false,"verticalRulerData":{"_class":"rulerData","base":0,"guides":[]}},{"_class":"artboard","do_objectID":"41B1404C-209C-4206-949B-6E2367A4FC41","booleanOperation":0,"exportOptions":{"_class":"exportOptions","exportFormats":[{"_class":"exportFormat","absoluteSize":0,"fileFormat":"png","name":"","namingScheme":0,"scale":1,"visibleScaleType":0}],"includedLayerIds":[],"layerOptions":0,"shouldTrim":false},"frame":{"_class":"rect","do_objectID":"37F9463D-197D-4481-8EE3-2C9FE2881184","constrainProportions":false,"height":64,"width":64,"x":313,"y":63},"isFixedToViewport":false,"isFlippedHorizontal":false,"isFlippedVertical":false,"isLocked":false,"isVisible":true,"layerListExpandedType":1,"name":"infinity-favicon@64x64","nameIsFixed":true,"resizingConstraint":63,"resizingType":0,"rotation":0,"shouldBreakMaskChain":true,"clippingMaskMode":0,"hasClippingMask":false,"style":{"_class":"style","endMarkerType":0,"miterLimit":10,"startMarkerType":0,"windingRule":1},"hasClickThrough":false,"layers":[{"_class":"group","do_objectID":"8ED320BC-1F4B-4097-BA33-D1F0D62D5E37","booleanOperation":-1,"exportOptions":{"_class":"exportOptions","do_objectID":"EFB8500B-3209-4B21-8531-32AB89635E62","exportFormats":[],"includedLayerIds":[],"layerOptions":0,"shouldTrim":false},"frame":{"_class":"rect","do_objectID":"71409341-394A-4C8A-967E-274BEFAF0E37","constrainProportions":false,"height":64,"width":64,"x":0,"y":0},"isFixedToViewport":false,"isFlippedHorizontal":false,"isFlippedVertical":false,"isLocked":false,"isVisible":true,"layerListExpandedType":1,"name":"infinity-symbol","nameIsFixed":true,"resizingConstraint":63,"resizingType":0,"rotation":0,"shouldBreakMaskChain":false,"clippingMaskMode":0,"hasClippingMask":false,"style":{"_class":"style","do_objectID":"27EA57BF-1ACD-4804-8D33-B3DAD3928907","blur":{"_class":"blur","do_objectID":"98D5F8BC-6B1E-4E6C-BC34-25C4703A72FF","isEnabled":false,"center":"{0.5, 0.5}","motionAngle":0,"radius":1.797752808988764,"saturation":1,"type":0},"endMarkerType":0,"miterLimit":10,"startMarkerType":0,"windingRule":1},"hasClickThrough":false,"layers":[{"_class":"rectangle","do_objectID":"B74D7D9D-5643-4CCA-8F47-283573F337C1","booleanOperation":-1,"exportOptions":{"_class":"exportOptions","do_objectID":"04335DF8-4CCB-4AE9-ADB4-05352A25F3B6","exportFormats":[],"includedLayerIds":[],"layerOptions":0,"shouldTrim":false},"frame":{"_class":"rect","do_objectID":"38F87A45-69DD-4251-8C99-945F6A4D66F0","constrainProportions":false,"height":64,"width":64,"x":0,"y":0},"isFixedToViewport":false,"isFlippedHorizontal":false,"isFlippedVertical":false,"isLocked":false,"isVisible":true,"layerListExpandedType":0,"name":"bg","nameIsFixed":true,"resizingConstraint":63,"resizingType":0,"rotation":0,"shouldBreakMaskChain":false,"clippingMaskMode":0,"hasClippingMask":false,"style":{"_class":"style","do_objectID":"2C5C7302-0154-4838-A9A8-F7B66BF89F94","blur":{"_class":"blur","do_objectID":"601F9FB6-C44A-4339-94F4-3D62EF3F761C","isEnabled":false,"center":"{0.5, 0.5}","motionAngle":0,"radius":1.797752808988764,"saturation":1,"type":0},"endMarkerType":0,"fills":[{"_class":"fill","isEnabled":true,"color":{"_class":"color","alpha":1,"blue":0,"green":0,"red":0},"fillType":0,"noiseIndex":0,"noiseIntensity":0,"patternFillType":1,"patternTileScale":1}],"miterLimit":10,"startMarkerType":0,"windingRule":1},"edited":false,"isClosed":true,"pointRadiusBehaviour":1,"points":[{"_class":"curvePoint","cornerRadius":0,"curveFrom":"{0, 0}","curveMode":1,"curveTo":"{0, 0}","hasCurveFrom":false,"hasCurveTo":false,"point":"{0, 0}"},{"_class":"curvePoint","cornerRadius":0,"curveFrom":"{1, 0}","curveMode":1,"curveTo":"{1, 0}","hasCurveFrom":false,"hasCurveTo":false,"point":"{1, 0}"},{"_class":"curvePoint","cornerRadius":0,"curveFrom":"{1, 1}","curveMode":1,"curveTo":"{1, 1}","hasCurveFrom":false,"hasCurveTo":false,"point":"{1, 1}"},{"_class":"curvePoint","cornerRadius":0,"curveFrom":"{0, 1}","curveMode":1,"curveTo":"{0, 1}","hasCurveFrom":false,"hasCurveTo":false,"point":"{0, 1}"}],"fixedRadius":0,"hasConvertedToNewRoundCorners":true},{"_class":"group","do_objectID":"972D1E67-24DE-4BB3-8633-F5D974F176F6","booleanOperation":-1,"exportOptions":{"_class":"exportOptions","do_objectID":"4D9529DC-CC25-41C0-AE8D-3F1E0341DA73","exportFormats":[],"includedLayerIds":[],"layerOptions":0,"shouldTrim":false},"frame":{"_class":"rect","do_objectID":"6DBFD537-C776-4166-A464-96381D6A2125","constrainProportions":true,"height":38.1123595505618,"width":38.1123595505618,"x":12.9438202247191,"y":12.9438202247191},"isFixedToViewport":false,"isFlippedHorizontal":false,"isFlippedVertical":false,"isLocked":false,"isVisible":true,"layerListExpandedType":1,"name":"logo","nameIsFixed":false,"resizingConstraint":63,"resizingType":0,"rotation":0,"shouldBreakMaskChain":false,"clippingMaskMode":0,"hasClippingMask":false,"style":{"_class":"style","do_objectID":"2D2112EB-A157-46D3-8B2C-116ACA9D86C2","blur":{"_class":"blur","do_objectID":"F9F41E75-3B7F-41E9-A927-11403796E731","isEnabled":false,"center":"{0.5, 0.5}","motionAngle":0,"radius":10.39967763398338,"saturation":1,"type":0},"endMarkerType":0,"miterLimit":10,"startMarkerType":0,"windingRule":1},"hasClickThrough":false,"layers":[{"_class":"shapeGroup","do_objectID":"ADE38ACC-9A2A-40EF-BBEB-E9659986DDEB","booleanOperation":-1,"exportOptions":{"_class":"exportOptions","do_objectID":"D6A9497C-1785-47C0-A9AA-30521AB53F74","exportFormats":[],"includedLayerIds":[],"layerOptions":0,"shouldTrim":false},"frame":{"_class":"rect","do_objectID":"01F53586-9801-4D51-AC43-684AC7AE971B","constrainProportions":false,"height":38.1123595505618,"width":38.1123595505618,"x":0,"y":0},"isFixedToViewport":false,"isFlippedHorizontal":false,"isFlippedVertical":false,"isLocked":false,"isVisible":true,"layerListExpandedType":1,"name":"Shape","nameIsFixed":false,"resizingConstraint":63,"resizingType":0,"rotation":0,"shouldBreakMaskChain":false,"clippingMaskMode":0,"hasClippingMask":false,"style":{"_class":"style","do_objectID":"0ECEB5EE-6B54-4F47-99E1-794D27628687","blur":{"_class":"blur","do_objectID":"5164E4C6-557D-43AA-84EF-8EE7F88DDEC6","isEnabled":false,"center":"{0.5, 0.5}","motionAngle":0,"radius":10.39967763398338,"saturation":1,"type":0},"endMarkerType":0,"fills":[{"_class":"fill","isEnabled":true,"color":{"_class":"color","alpha":1,"blue":1,"green":1,"red":1},"fillType":0,"noiseIndex":0,"noiseIntensity":0,"patternFillType":1,"patternTileScale":1}],"miterLimit":10,"startMarkerType":0,"windingRule":0},"hasClickThrough":false,"layers":[{"_class":"shapePath","do_objectID":"DBFB3429-5248-4B29-B25B-8C8028833164","booleanOperation":-1,"exportOptions":{"_class":"exportOptions","do_objectID":"BC8D124A-7852-4EB7-BF9E-78CB3F2D1D28","exportFormats":[],"includedLayerIds":[],"layerOptions":0,"shouldTrim":false},"frame":{"_class":"rect","do_objectID":"FEC3CBC1-C1FF-4E08-84BD-FA2845EB4E86","constrainProportions":false,"height":38.1123595505618,"width":38.1123595505618,"x":0,"y":0},"isFixedToViewport":false,"isFlippedHorizontal":false,"isFlippedVertical":false,"isLocked":false,"isVisible":true,"layerListExpandedType":0,"name":"Path","nameIsFixed":false,"resizingConstraint":63,"resizingType":0,"rotation":0,"shouldBreakMaskChain":false,"clippingMaskMode":0,"hasClippingMask":false,"style":{"_class":"style","do_objectID":"24F7606F-EEC8-4FD6-BB11-8AF525EF2572","blur":{"_class":"blur","do_objectID":"8D752174-D4D4-43FC-B2A0-BCB945405BAF","isEnabled":false,"center":"{0.5, 0.5}","motionAngle":0,"radius":10.39967763398338,"saturation":1,"type":0},"endMarkerType":0,"miterLimit":10,"startMarkerType":0,"windingRule":1},"edited":true,"isClosed":true,"pointRadiusBehaviour":1,"points":[{"_class":"curvePoint","cornerRadius":0,"curveFrom":"{0.22385762499999998, 1}","curveMode":2,"curveTo":"{0.77614237272727271, 1}","hasCurveFrom":true,"hasCurveTo":true,"point":"{0.5, 1}"},{"_class":"curvePoint","cornerRadius":0,"curveFrom":"{0, 0.22385762499999998}","curveMode":2,"curveTo":"{0, 0.77614237272727271}","hasCurveFrom":true,"hasCurveTo":true,"point":"{0, 0.5}"},{"_class":"curvePoint","cornerRadius":0,"curveFrom":"{0.77614237272727271, 0}","curveMode":2,"curveTo":"{0.22385762499999998, 0}","hasCurveFrom":true,"hasCurveTo":true,"point":"{0.5, 0}"},{"_class":"curvePoint","cornerRadius":0,"curveFrom":"{1, 0.77614237272727271}","curveMode":2,"curveTo":"{1, 0.22385762499999998}","hasCurveFrom":true,"hasCurveTo":true,"point":"{1, 0.5}"}]},{"_class":"shapePath","do_objectID":"8FC7BFB8-6DB4-4224-8FB3-8289873083E0","booleanOperation":-1,"exportOptions":{"_class":"exportOptions","do_objectID":"EC11B669-AD40-4002-80FD-C2B38A84E388","exportFormats":[],"includedLayerIds":[],"layerOptions":0,"shouldTrim":false},"frame":{"_class":"rect","do_objectID":"2718D0B5-57D8-4BF6-9727-7FA84855517A","constrainProportions":false,"height":30.48988764044944,"width":30.48988764044944,"x":3.811235955056182,"y":3.811235955056182},"isFixedToViewport":false,"isFlippedHorizontal":false,"isFlippedVertical":false,"isLocked":false,"isVisible":true,"layerListExpandedType":0,"name":"Path","nameIsFixed":false,"resizingConstraint":63,"resizingType":0,"rotation":0,"shouldBreakMaskChain":false,"clippingMaskMode":0,"hasClippingMask":false,"style":{"_class":"style","do_objectID":"76AA41E6-EAD7-4CE6-A189-0692CD2A68E9","blur":{"_class":"blur","do_objectID":"B4E35553-31E7-46B8-9708-F9980EB647FC","isEnabled":false,"center":"{0.5, 0.5}","motionAngle":0,"radius":10.39967763398338,"saturation":1,"type":0},"endMarkerType":0,"miterLimit":10,"startMarkerType":0,"windingRule":1},"edited":true,"isClosed":true,"pointRadiusBehaviour":1,"points":[{"_class":"curvePoint","cornerRadius":0,"curveFrom":"{0.77614237499999994, 1}","curveMode":2,"curveTo":"{0.22385762499999995, 1}","hasCurveFrom":true,"hasCurveTo":true,"point":"{0.5, 1}"},{"_class":"curvePoint","cornerRadius":0,"curveFrom":"{1, 0.22385762499999995}","curveMode":2,"curveTo":"{1, 0.77614237499999994}","hasCurveFrom":true,"hasCurveTo":true,"point":"{1, 0.5}"},{"_class":"curvePoint","cornerRadius":0,"curveFrom":"{0.22385762499999995, 0}","curveMode":2,"curveTo":"{0.77614237499999994, 0}","hasCurveFrom":true,"hasCurveTo":true,"point":"{0.5, 0}"},{"_class":"curvePoint","cornerRadius":0,"curveFrom":"{0, 0.77614237499999994}","curveMode":2,"curveTo":"{0, 0.22385762499999995}","hasCurveFrom":true,"hasCurveTo":true,"point":"{0, 0.5}"}]}],"windingRule":0}]}]}],"backgroundColor":{"_class":"color","alpha":1,"blue":1,"green":1,"red":1},"hasBackgroundColor":false,"horizontalRulerData":{"_class":"rulerData","base":0,"guides":[]},"includeBackgroundColorInExport":true,"includeInCloudUpload":true,"isFlowHome":false,"resizesContent":false,"verticalRulerData":{"_class":"rulerData","base":0,"guides":[]}}],"horizontalRulerData":{"_class":"rulerData","base":0,"guides":[]},"includeInCloudUpload":true,"verticalRulerData":{"_class":"rulerData","base":0,"guides":[]}}