{"_class":"page","do_objectID":"D84604ED-6BD4-4DD1-AFDC-894BA3C8DA1A","booleanOperation":-1,"exportOptions":{"_class":"exportOptions","exportFormats":[],"includedLayerIds":[],"layerOptions":0,"shouldTrim":false},"frame":{"_class":"rect","constrainProportions":false,"height":0,"width":0,"x":0,"y":0},"isFixedToViewport":false,"isFlippedHorizontal":false,"isFlippedVertical":false,"isLocked":false,"isVisible":true,"layerListExpandedType":0,"name":"Page 1","nameIsFixed":false,"resizingConstraint":63,"resizingType":0,"rotation":0,"shouldBreakMaskChain":false,"clippingMaskMode":0,"hasClippingMask":false,"style":{"_class":"style","endMarkerType":0,"miterLimit":10,"startMarkerType":0,"windingRule":1},"hasClickThrough":true,"layers":[{"_class":"artboard","do_objectID":"0C0AF4A1-44A3-4589-AA3E-78024E69DA86","booleanOperation":-1,"exportOptions":{"_class":"exportOptions","exportFormats":[{"_class":"exportFormat","absoluteSize":0,"fileFormat":"png","name":"","namingScheme":0,"scale":1,"visibleScaleType":0}],"includedLayerIds":[],"layerOptions":0,"shouldTrim":false},"frame":{"_class":"rect","constrainProportions":false,"height":840,"width":1680,"x":175,"y":88},"isFixedToViewport":false,"isFlippedHorizontal":false,"isFlippedVertical":false,"isLocked":false,"isVisible":true,"layerListExpandedType":2,"name":"media","nameIsFixed":true,"resizingConstraint":63,"resizingType":0,"rotation":0,"shouldBreakMaskChain":true,"clippingMaskMode":0,"hasClippingMask":false,"style":{"_class":"style","endMarkerType":0,"miterLimit":10,"startMarkerType":0,"windingRule":1},"hasClickThrough":false,"layers":[{"_class":"text","do_objectID":"7AAB7345-1EC8-490F-943E-EEBA7E8B2226","booleanOperation":-1,"exportOptions":{"_class":"exportOptions","exportFormats":[],"includedLayerIds":[],"layerOptions":0,"shouldTrim":false},"frame":{"_class":"rect","constrainProportions":false,"height":44,"width":339,"x":671,"y":396},"isFixedToViewport":false,"isFlippedHorizontal":false,"isFlippedVertical":false,"isLocked":false,"isVisible":true,"layerListExpandedType":0,"name":"design & media asset","nameIsFixed":false,"resizingConstraint":47,"resizingType":0,"rotation":0,"shouldBreakMaskChain":false,"clippingMaskMode":0,"hasClippingMask":false,"style":{"_class":"style","endMarkerType":0,"miterLimit":10,"startMarkerType":0,"textStyle":{"_class":"textStyle","encodedAttributes":{"MSAttributedStringFontAttribute":{"_class":"fontDescriptor","attributes":{"name":"AvenirNext-Bold","size":32}},"MSAttributedStringColorAttribute":{"_class":"color","alpha":1,"blue":0,"green":0,"red":0},"textStyleVerticalAlignmentKey":0,"paragraphStyle":{"_class":"paragraphStyle","alignment":2,"allowsDefaultTighteningForTruncation":0}},"verticalAlignment":0},"windingRule":1},"attributedString":{"_class":"attributedString","string":"design & media assets","attributes":[{"_class":"stringAttribute","location":0,"length":6,"attributes":{"MSAttributedStringFontAttribute":{"_class":"fontDescriptor","attributes":{"name":"AvenirNext-Bold","size":32}},"MSAttributedStringColorAttribute":{"_class":"color","alpha":1,"blue":0,"green":0,"red":0},"textStyleVerticalAlignmentKey":0,"paragraphStyle":{"_class":"paragraphStyle","alignment":2,"allowsDefaultTighteningForTruncation":0}}},{"_class":"stringAttribute","location":6,"length":3,"attributes":{"MSAttributedStringFontAttribute":{"_class":"fontDescriptor","attributes":{"name":"AvenirNext-Medium","size":32}},"MSAttributedStringColorAttribute":{"_class":"color","alpha":1,"blue":0,"green":0,"red":0},"textStyleVerticalAlignmentKey":0,"paragraphStyle":{"_class":"paragraphStyle","alignment":2,"allowsDefaultTighteningForTruncation":0}}},{"_class":"stringAttribute","location":9,"length":5,"attributes":{"MSAttributedStringFontAttribute":{"_class":"fontDescriptor","attributes":{"name":"AvenirNext-Bold","size":32}},"MSAttributedStringColorAttribute":{"_class":"color","alpha":1,"blue":0,"green":0,"red":0},"textStyleVerticalAlignmentKey":0,"paragraphStyle":{"_class":"paragraphStyle","alignment":2,"allowsDefaultTighteningForTruncation":0}}},{"_class":"stringAttribute","location":14,"length":7,"attributes":{"MSAttributedStringFontAttribute":{"_class":"fontDescriptor","attributes":{"name":"AvenirNext-Medium","size":32}},"MSAttributedStringColorAttribute":{"_class":"color","alpha":1,"blue":0,"green":0,"red":0},"textStyleVerticalAlignmentKey":0,"paragraphStyle":{"_class":"paragraphStyle","alignment":2,"allowsDefaultTighteningForTruncation":0}}}]},"automaticallyDrawOnUnderlyingPath":false,"dontSynchroniseWithSymbol":false,"glyphBounds":"{{1, 7}, {337, 33}}","lineSpacingBehaviour":2,"textBehaviour":0}],"backgroundColor":{"_class":"color","alpha":1,"blue":1,"green":1,"red":1},"hasBackgroundColor":true,"horizontalRulerData":{"_class":"rulerData","base":0,"guides":[]},"includeBackgroundColorInExport":true,"includeInCloudUpload":true,"isFlowHome":false,"resizesContent":false,"verticalRulerData":{"_class":"rulerData","base":0,"guides":[]}},{"_class":"artboard","do_objectID":"67F1CF10-E34D-4C7F-ADBD-231CC9967F59","booleanOperation":-1,"exportOptions":{"_class":"exportOptions","do_objectID":"9930F80C-67EF-4990-AC59-0D359D87BBC0","exportFormats":[{"_class":"exportFormat","absoluteSize":0,"fileFormat":"png","name":"","namingScheme":0,"scale":1,"visibleScaleType":0}],"includedLayerIds":[],"layerOptions":0,"shouldTrim":false},"frame":{"_class":"rect","do_objectID":"14E78EFE-64CD-429B-8171-9130BE442274","constrainProportions":false,"height":840,"width":1680,"x":1955,"y":88},"isFixedToViewport":false,"isFlippedHorizontal":false,"isFlippedVertical":false,"isLocked":false,"isVisible":true,"layerListExpandedType":2,"name":"infinity","nameIsFixed":true,"resizingConstraint":63,"resizingType":0,"rotation":0,"shouldBreakMaskChain":true,"clippingMaskMode":0,"hasClippingMask":false,"style":{"_class":"style","do_objectID":"BFA2ADBA-E750-47D3-B459-CC832740DAE0","endMarkerType":0,"miterLimit":10,"startMarkerType":0,"windingRule":1},"hasClickThrough":false,"layers":[{"_class":"text","do_objectID":"F70625CD-67D8-4027-8019-B5E00CB4F0EC","booleanOperation":-1,"exportOptions":{"_class":"exportOptions","do_objectID":"53A3E09F-FB0E-4149-8CF2-B600D2AA47D5","exportFormats":[],"includedLayerIds":[],"layerOptions":0,"shouldTrim":false},"frame":{"_class":"rect","do_objectID":"622D7BED-C3FE-4D7A-BFC8-55D00740EEEF","constrainProportions":false,"height":44,"width":163,"x":759,"y":396},"isFixedToViewport":false,"isFlippedHorizontal":false,"isFlippedVertical":false,"isLocked":false,"isVisible":true,"layerListExpandedType":0,"name":"infinity site","nameIsFixed":false,"resizingConstraint":47,"resizingType":0,"rotation":0,"shouldBreakMaskChain":false,"clippingMaskMode":0,"hasClippingMask":false,"style":{"_class":"style","do_objectID":"D76FC693-BC73-4DE3-8CC4-46CC7C249CDE","endMarkerType":0,"miterLimit":10,"startMarkerType":0,"textStyle":{"_class":"textStyle","do_objectID":"84F1CB83-27EE-4F39-BD7D-F7DFFC359412","encodedAttributes":{"MSAttributedStringFontAttribute":{"_class":"fontDescriptor","attributes":{"name":"AvenirNext-Medium","size":32}},"MSAttributedStringColorAttribute":{"_class":"color","alpha":1,"blue":0,"green":0,"red":0},"textStyleVerticalAlignmentKey":0,"paragraphStyle":{"_class":"paragraphStyle","alignment":2,"allowsDefaultTighteningForTruncation":0}},"verticalAlignment":0},"windingRule":1},"attributedString":{"_class":"attributedString","string":"infinity site","attributes":[{"_class":"stringAttribute","location":0,"length":8,"attributes":{"MSAttributedStringFontAttribute":{"_class":"fontDescriptor","attributes":{"name":"AvenirNext-Medium","size":32}},"MSAttributedStringColorAttribute":{"_class":"color","alpha":1,"blue":0,"green":0,"red":0},"textStyleVerticalAlignmentKey":0,"paragraphStyle":{"_class":"paragraphStyle","alignment":2,"allowsDefaultTighteningForTruncation":0}}},{"_class":"stringAttribute","location":8,"length":5,"attributes":{"MSAttributedStringFontAttribute":{"_class":"fontDescriptor","attributes":{"name":"AvenirNext-Bold","size":32}},"MSAttributedStringColorAttribute":{"_class":"color","alpha":1,"blue":0,"green":0,"red":0},"textStyleVerticalAlignmentKey":0,"paragraphStyle":{"_class":"paragraphStyle","alignment":2,"allowsDefaultTighteningForTruncation":0}}}]},"automaticallyDrawOnUnderlyingPath":false,"dontSynchroniseWithSymbol":false,"glyphBounds":"{{2, 7}, {160, 33}}","lineSpacingBehaviour":2,"textBehaviour":0}],"backgroundColor":{"_class":"color","do_objectID":"D59629DA-57AB-44E3-8C62-0A83B055EF7E","alpha":1,"blue":1,"green":1,"red":1},"hasBackgroundColor":true,"horizontalRulerData":{"_class":"rulerData","do_objectID":"97F886BA-5EA8-4DBE-BAC9-CF99D4E2FE2E","base":0,"guides":[]},"includeBackgroundColorInExport":true,"includeInCloudUpload":true,"isFlowHome":false,"resizesContent":false,"verticalRulerData":{"_class":"rulerData","do_objectID":"02ADFF86-7B70-406C-8C14-D32F02220ABD","base":0,"guides":[]}},{"_class":"artboard","do_objectID":"EB11DBC1-499D-4D39-9A7F-2F26A035621E","booleanOperation":-1,"exportOptions":{"_class":"exportOptions","do_objectID":"75B7721E-F011-48FE-931B-6FAD5B847055","exportFormats":[{"_class":"exportFormat","absoluteSize":0,"fileFormat":"png","name":"","namingScheme":0,"scale":1,"visibleScaleType":0}],"includedLayerIds":[],"layerOptions":0,"shouldTrim":false},"frame":{"_class":"rect","do_objectID":"24BE9356-15D1-4ECC-943E-4225742E811F","constrainProportions":false,"height":840,"width":1680,"x":3735,"y":88},"isFixedToViewport":false,"isFlippedHorizontal":false,"isFlippedVertical":false,"isLocked":false,"isVisible":true,"layerListExpandedType":2,"name":"subscription-service","nameIsFixed":true,"resizingConstraint":63,"resizingType":0,"rotation":0,"shouldBreakMaskChain":true,"clippingMaskMode":0,"hasClippingMask":false,"style":{"_class":"style","do_objectID":"05F83FBC-3D04-490F-A509-5386F8027A92","endMarkerType":0,"miterLimit":10,"startMarkerType":0,"windingRule":1},"hasClickThrough":false,"layers":[{"_class":"text","do_objectID":"1737823F-7636-4F99-A2BA-69D0DA5E73E6","booleanOperation":-1,"exportOptions":{"_class":"exportOptions","do_objectID":"B28134F8-4ED1-4180-BCFC-24BB7CABD256","exportFormats":[],"includedLayerIds":[],"layerOptions":0,"shouldTrim":false},"frame":{"_class":"rect","do_objectID":"ABA1C3B7-EABA-42F9-92E7-E7F403DE2099","constrainProportions":false,"height":44,"width":303,"x":689,"y":396},"isFixedToViewport":false,"isFlippedHorizontal":false,"isFlippedVertical":false,"isLocked":false,"isVisible":true,"layerListExpandedType":0,"name":"subscription service","nameIsFixed":false,"resizingConstraint":47,"resizingType":0,"rotation":0,"shouldBreakMaskChain":false,"clippingMaskMode":0,"hasClippingMask":false,"style":{"_class":"style","do_objectID":"3B01D567-84C2-4CCD-82D5-363DCB264FB4","endMarkerType":0,"miterLimit":10,"startMarkerType":0,"textStyle":{"_class":"textStyle","do_objectID":"3F9F178E-B2FF-4972-B226-C8F0D5BCC597","encodedAttributes":{"MSAttributedStringFontAttribute":{"_class":"fontDescriptor","attributes":{"name":"AvenirNext-Bold","size":32}},"MSAttributedStringColorAttribute":{"_class":"color","alpha":1,"blue":0,"green":0,"red":0},"textStyleVerticalAlignmentKey":0,"paragraphStyle":{"_class":"paragraphStyle","alignment":2,"allowsDefaultTighteningForTruncation":0}},"verticalAlignment":0},"windingRule":1},"attributedString":{"_class":"attributedString","string":"subscription service","attributes":[{"_class":"stringAttribute","location":0,"length":13,"attributes":{"MSAttributedStringFontAttribute":{"_class":"fontDescriptor","attributes":{"name":"AvenirNext-Bold","size":32}},"MSAttributedStringColorAttribute":{"_class":"color","alpha":1,"blue":0,"green":0,"red":0},"textStyleVerticalAlignmentKey":0,"paragraphStyle":{"_class":"paragraphStyle","alignment":2,"allowsDefaultTighteningForTruncation":0}}},{"_class":"stringAttribute","location":13,"length":7,"attributes":{"MSAttributedStringFontAttribute":{"_class":"fontDescriptor","attributes":{"name":"AvenirNext-Medium","size":32}},"MSAttributedStringColorAttribute":{"_class":"color","alpha":1,"blue":0,"green":0,"red":0},"textStyleVerticalAlignmentKey":0,"paragraphStyle":{"_class":"paragraphStyle","alignment":2,"allowsDefaultTighteningForTruncation":0}}}]},"automaticallyDrawOnUnderlyingPath":false,"dontSynchroniseWithSymbol":false,"glyphBounds":"{{0, 7}, {301, 33}}","lineSpacingBehaviour":2,"textBehaviour":0}],"backgroundColor":{"_class":"color","do_objectID":"E1A4B2A0-EC6A-492A-8B10-C14B604FDE44","alpha":1,"blue":1,"green":1,"red":1},"hasBackgroundColor":true,"horizontalRulerData":{"_class":"rulerData","do_objectID":"CD8CE113-537D-4DED-85AD-6186C2AD7C61","base":0,"guides":[]},"includeBackgroundColorInExport":true,"includeInCloudUpload":true,"isFlowHome":false,"resizesContent":false,"verticalRulerData":{"_class":"rulerData","do_objectID":"A7E317EC-DF81-46B0-9696-E50CE326030A","base":0,"guides":[]}},{"_class":"artboard","do_objectID":"06687B7B-BDD0-4942-9153-8DA3646E1E64","booleanOperation":-1,"exportOptions":{"_class":"exportOptions","do_objectID":"74F4B861-538C-48B0-A813-02E750AD09B0","exportFormats":[{"_class":"exportFormat","absoluteSize":0,"fileFormat":"png","name":"","namingScheme":0,"scale":1,"visibleScaleType":0}],"includedLayerIds":[],"layerOptions":0,"shouldTrim":false},"frame":{"_class":"rect","do_objectID":"C8AFC91B-DD4E-4330-A0EE-52CA79BCAEE7","constrainProportions":false,"height":840,"width":1680,"x":5515,"y":88},"isFixedToViewport":false,"isFlippedHorizontal":false,"isFlippedVertical":false,"isLocked":false,"isVisible":true,"layerListExpandedType":2,"name":"authentication-service","nameIsFixed":true,"resizingConstraint":63,"resizingType":0,"rotation":0,"shouldBreakMaskChain":true,"clippingMaskMode":0,"hasClippingMask":false,"style":{"_class":"style","do_objectID":"33354F0E-B999-4867-806C-AE173A393830","endMarkerType":0,"miterLimit":10,"startMarkerType":0,"windingRule":1},"hasClickThrough":false,"layers":[{"_class":"text","do_objectID":"710AF90E-4E2D-4C8B-9ED1-9E8A6FE337DE","booleanOperation":-1,"exportOptions":{"_class":"exportOptions","do_objectID":"4C277161-C94B-4F8B-BCAE-E0566073ECD6","exportFormats":[],"includedLayerIds":[],"layerOptions":0,"shouldTrim":false},"frame":{"_class":"rect","do_objectID":"58852934-23ED-4D34-95D1-1258FF223170","constrainProportions":false,"height":44,"width":336,"x":672,"y":396},"isFixedToViewport":false,"isFlippedHorizontal":false,"isFlippedVertical":false,"isLocked":false,"isVisible":true,"layerListExpandedType":0,"name":"authentication servi","nameIsFixed":false,"resizingConstraint":47,"resizingType":0,"rotation":0,"shouldBreakMaskChain":false,"clippingMaskMode":0,"hasClippingMask":false,"style":{"_class":"style","do_objectID":"C334DF02-8217-45F6-9B1E-E2F3D7D542A0","endMarkerType":0,"miterLimit":10,"startMarkerType":0,"textStyle":{"_class":"textStyle","do_objectID":"4991ED42-81AE-4008-8203-AA1E955DC0A0","encodedAttributes":{"MSAttributedStringFontAttribute":{"_class":"fontDescriptor","attributes":{"name":"AvenirNext-Bold","size":32}},"MSAttributedStringColorAttribute":{"_class":"color","alpha":1,"blue":0,"green":0,"red":0},"textStyleVerticalAlignmentKey":0,"paragraphStyle":{"_class":"paragraphStyle","alignment":2,"allowsDefaultTighteningForTruncation":0}},"verticalAlignment":0},"windingRule":1},"attributedString":{"_class":"attributedString","string":"authentication service","attributes":[{"_class":"stringAttribute","location":0,"length":15,"attributes":{"MSAttributedStringFontAttribute":{"_class":"fontDescriptor","attributes":{"name":"AvenirNext-Bold","size":32}},"MSAttributedStringColorAttribute":{"_class":"color","alpha":1,"blue":0,"green":0,"red":0},"textStyleVerticalAlignmentKey":0,"paragraphStyle":{"_class":"paragraphStyle","alignment":2,"allowsDefaultTighteningForTruncation":0}}},{"_class":"stringAttribute","location":15,"length":7,"attributes":{"MSAttributedStringFontAttribute":{"_class":"fontDescriptor","attributes":{"name":"AvenirNext-Medium","size":32}},"MSAttributedStringColorAttribute":{"_class":"color","alpha":1,"blue":0,"green":0,"red":0},"textStyleVerticalAlignmentKey":0,"paragraphStyle":{"_class":"paragraphStyle","alignment":2,"allowsDefaultTighteningForTruncation":0}}}]},"automaticallyDrawOnUnderlyingPath":false,"dontSynchroniseWithSymbol":false,"glyphBounds":"{{1, 7}, {333, 26}}","lineSpacingBehaviour":2,"textBehaviour":0}],"backgroundColor":{"_class":"color","do_objectID":"042F3724-9D99-42C5-BA39-F124D0607408","alpha":1,"blue":1,"green":1,"red":1},"hasBackgroundColor":true,"horizontalRulerData":{"_class":"rulerData","do_objectID":"54BDCE6D-12F5-4802-9894-EA2D5D69B5EF","base":0,"guides":[]},"includeBackgroundColorInExport":true,"includeInCloudUpload":true,"isFlowHome":false,"resizesContent":false,"verticalRulerData":{"_class":"rulerData","do_objectID":"5FD8139C-B103-451C-9742-EE6A48019A36","base":0,"guides":[]}},{"_class":"artboard","do_objectID":"5347BBF8-A151-43FD-A9A5-FE5EE3485D29","booleanOperation":-1,"exportOptions":{"_class":"exportOptions","do_objectID":"C4032B9F-0969-4A35-A3B3-BE72525DB4E1","exportFormats":[{"_class":"exportFormat","absoluteSize":0,"fileFormat":"png","name":"","namingScheme":0,"scale":1,"visibleScaleType":0}],"includedLayerIds":[],"layerOptions":0,"shouldTrim":false},"frame":{"_class":"rect","do_objectID":"BC12F437-AE1E-467B-9102-227414A19955","constrainProportions":false,"height":840,"width":1680,"x":7295,"y":88},"isFixedToViewport":false,"isFlippedHorizontal":false,"isFlippedVertical":false,"isLocked":false,"isVisible":true,"layerListExpandedType":2,"name":"mailer-service","nameIsFixed":true,"resizingConstraint":63,"resizingType":0,"rotation":0,"shouldBreakMaskChain":true,"clippingMaskMode":0,"hasClippingMask":false,"style":{"_class":"style","do_objectID":"7B08D722-DC31-440A-B679-E956C91D235B","endMarkerType":0,"miterLimit":10,"startMarkerType":0,"windingRule":1},"hasClickThrough":false,"layers":[{"_class":"text","do_objectID":"CBC13E55-BBB5-4C8E-A543-4309B440621F","booleanOperation":-1,"exportOptions":{"_class":"exportOptions","do_objectID":"3B55E9C4-59E7-4F81-90D6-5D3509DF9CD3","exportFormats":[],"includedLayerIds":[],"layerOptions":0,"shouldTrim":false},"frame":{"_class":"rect","do_objectID":"3CA660C1-B632-46B1-82C3-9410407CDFC7","constrainProportions":false,"height":44,"width":210,"x":735,"y":396},"isFixedToViewport":false,"isFlippedHorizontal":false,"isFlippedVertical":false,"isLocked":false,"isVisible":true,"layerListExpandedType":0,"name":"mailer service","nameIsFixed":false,"resizingConstraint":47,"resizingType":0,"rotation":0,"shouldBreakMaskChain":false,"clippingMaskMode":0,"hasClippingMask":false,"style":{"_class":"style","do_objectID":"A6E0620A-9F59-4D07-B3F6-6E53023C4E0C","endMarkerType":0,"miterLimit":10,"startMarkerType":0,"textStyle":{"_class":"textStyle","do_objectID":"D57BC8E9-B873-4BE8-B004-665242ECE1F2","encodedAttributes":{"MSAttributedStringFontAttribute":{"_class":"fontDescriptor","attributes":{"name":"AvenirNext-Bold","size":32}},"MSAttributedStringColorAttribute":{"_class":"color","alpha":1,"blue":0,"green":0,"red":0},"textStyleVerticalAlignmentKey":0,"paragraphStyle":{"_class":"paragraphStyle","alignment":2,"allowsDefaultTighteningForTruncation":0}},"verticalAlignment":0},"windingRule":1},"attributedString":{"_class":"attributedString","string":"mailer service","attributes":[{"_class":"stringAttribute","location":0,"length":7,"attributes":{"MSAttributedStringFontAttribute":{"_class":"fontDescriptor","attributes":{"name":"AvenirNext-Bold","size":32}},"MSAttributedStringColorAttribute":{"_class":"color","alpha":1,"blue":0,"green":0,"red":0},"textStyleVerticalAlignmentKey":0,"paragraphStyle":{"_class":"paragraphStyle","alignment":2,"allowsDefaultTighteningForTruncation":0}}},{"_class":"stringAttribute","location":7,"length":7,"attributes":{"MSAttributedStringFontAttribute":{"_class":"fontDescriptor","attributes":{"name":"AvenirNext-Medium","size":32}},"MSAttributedStringColorAttribute":{"_class":"color","alpha":1,"blue":0,"green":0,"red":0},"textStyleVerticalAlignmentKey":0,"paragraphStyle":{"_class":"paragraphStyle","alignment":2,"allowsDefaultTighteningForTruncation":0}}}]},"automaticallyDrawOnUnderlyingPath":false,"dontSynchroniseWithSymbol":false,"glyphBounds":"{{2, 7}, {206, 26}}","lineSpacingBehaviour":2,"textBehaviour":0}],"backgroundColor":{"_class":"color","do_objectID":"04630730-7583-4144-B544-FBD07A57D669","alpha":1,"blue":1,"green":1,"red":1},"hasBackgroundColor":true,"horizontalRulerData":{"_class":"rulerData","do_objectID":"7B0FB34B-92A6-4562-89C3-9691C6722AD4","base":0,"guides":[]},"includeBackgroundColorInExport":true,"includeInCloudUpload":true,"isFlowHome":false,"resizesContent":false,"verticalRulerData":{"_class":"rulerData","do_objectID":"0499F06F-B1E7-419A-856A-0DF0DF985A7B","base":0,"guides":[]}},{"_class":"artboard","do_objectID":"684E6BA1-10FB-4DF8-BE9C-C792043FF2D5","booleanOperation":-1,"exportOptions":{"_class":"exportOptions","do_objectID":"16654D0D-13E8-456C-86FC-7F1FCD80265D","exportFormats":[{"_class":"exportFormat","absoluteSize":0,"fileFormat":"png","name":"","namingScheme":0,"scale":1,"visibleScaleType":0}],"includedLayerIds":[],"layerOptions":0,"shouldTrim":false},"frame":{"_class":"rect","do_objectID":"F04248D9-8CF1-42F6-9CE3-6D0FE41919EE","constrainProportions":false,"height":840,"width":1680,"x":9075,"y":88},"isFixedToViewport":false,"isFlippedHorizontal":false,"isFlippedVertical":false,"isLocked":false,"isVisible":true,"layerListExpandedType":2,"name":"infinity-service","nameIsFixed":true,"resizingConstraint":63,"resizingType":0,"rotation":0,"shouldBreakMaskChain":true,"clippingMaskMode":0,"hasClippingMask":false,"style":{"_class":"style","do_objectID":"EDACC8C7-B8E0-462A-A441-2EBED9D908ED","endMarkerType":0,"miterLimit":10,"startMarkerType":0,"windingRule":1},"hasClickThrough":false,"layers":[{"_class":"text","do_objectID":"1CD144CA-1FDB-44A4-8797-2D9BCA0550B0","booleanOperation":-1,"exportOptions":{"_class":"exportOptions","do_objectID":"F7AA5120-1526-4D94-85BC-5C6542CB145A","exportFormats":[],"includedLayerIds":[],"layerOptions":0,"shouldTrim":false},"frame":{"_class":"rect","do_objectID":"04C8EE39-12D5-4435-ADD2-33F5127B4BD4","constrainProportions":false,"height":44,"width":221,"x":730,"y":396},"isFixedToViewport":false,"isFlippedHorizontal":false,"isFlippedVertical":false,"isLocked":false,"isVisible":true,"layerListExpandedType":0,"name":"infinity service","nameIsFixed":false,"resizingConstraint":47,"resizingType":0,"rotation":0,"shouldBreakMaskChain":false,"clippingMaskMode":0,"hasClippingMask":false,"style":{"_class":"style","do_objectID":"EA790105-5AD0-4313-874C-0E2A54C032BC","endMarkerType":0,"miterLimit":10,"startMarkerType":0,"textStyle":{"_class":"textStyle","do_objectID":"013E7B85-8D79-42C9-8D6D-42312B464D48","encodedAttributes":{"MSAttributedStringFontAttribute":{"_class":"fontDescriptor","attributes":{"name":"AvenirNext-Bold","size":32}},"MSAttributedStringColorAttribute":{"_class":"color","alpha":1,"blue":0,"green":0,"red":0},"textStyleVerticalAlignmentKey":0,"paragraphStyle":{"_class":"paragraphStyle","alignment":2,"allowsDefaultTighteningForTruncation":0}},"verticalAlignment":0},"windingRule":1},"attributedString":{"_class":"attributedString","string":"infinity service","attributes":[{"_class":"stringAttribute","location":0,"length":9,"attributes":{"MSAttributedStringFontAttribute":{"_class":"fontDescriptor","attributes":{"name":"AvenirNext-Bold","size":32}},"MSAttributedStringColorAttribute":{"_class":"color","alpha":1,"blue":0,"green":0,"red":0},"textStyleVerticalAlignmentKey":0,"paragraphStyle":{"_class":"paragraphStyle","alignment":2,"allowsDefaultTighteningForTruncation":0}}},{"_class":"stringAttribute","location":9,"length":7,"attributes":{"MSAttributedStringFontAttribute":{"_class":"fontDescriptor","attributes":{"name":"AvenirNext-Medium","size":32}},"MSAttributedStringColorAttribute":{"_class":"color","alpha":1,"blue":0,"green":0,"red":0},"textStyleVerticalAlignmentKey":0,"paragraphStyle":{"_class":"paragraphStyle","alignment":2,"allowsDefaultTighteningForTruncation":0}}}]},"automaticallyDrawOnUnderlyingPath":false,"dontSynchroniseWithSymbol":false,"glyphBounds":"{{1, 7}, {218, 33}}","lineSpacingBehaviour":2,"textBehaviour":0}],"backgroundColor":{"_class":"color","do_objectID":"14257FEE-3DA2-44BB-B992-42D695E18725","alpha":1,"blue":1,"green":1,"red":1},"hasBackgroundColor":true,"horizontalRulerData":{"_class":"rulerData","do_objectID":"12E98639-96FB-4FE1-A544-2E6FF8A2F465","base":0,"guides":[]},"includeBackgroundColorInExport":true,"includeInCloudUpload":true,"isFlowHome":false,"resizesContent":false,"verticalRulerData":{"_class":"rulerData","do_objectID":"A0C2743B-09CE-4A60-8110-88A52727A2AB","base":0,"guides":[]}}],"horizontalRulerData":{"_class":"rulerData","base":0,"guides":[]},"includeInCloudUpload":true,"verticalRulerData":{"_class":"rulerData","base":0,"guides":[]}}