{"commit":"ebc3e0ead0906f5810891944454a71b877934b56","pagesAndArtboards":{"A51DBF7A-AE33-4015-BADD-FB8FC76AD6D6":{"name":"Page 1","artboards":{"A5E8CD31-37A7-47B0-93E1-5AACF58F47D7":{"name":"infinity-favicon@32x32"},"B294410A-E1EB-4239-9F30-A35456EB7E19":{"name":"infinity-favicon@48x48"},"65840BE8-D067-4818-B21D-7B3616B42903":{"name":"infinity-favicon@16x16"},"41B1404C-209C-4206-949B-6E2367A4FC41":{"name":"infinity-favicon@64x64"}}}},"version":112,"fonts":[],"compatibilityVersion":99,"app":"com.bohemiancoding.sketch3","autosaved":0,"variant":"NONAPPSTORE","created":{"commit":"ebc3e0ead0906f5810891944454a71b877934b56","appVersion":"52.5","build":67469,"app":"com.bohemiancoding.sketch3","compatibilityVersion":99,"version":112,"variant":"NONAPPSTORE"},"saveHistory":["NONAPPSTORE.67469"],"appVersion":"52.5","build":67469}