{"commit":"ebc3e0ead0906f5810891944454a71b877934b56","pagesAndArtboards":{"D84604ED-6BD4-4DD1-AFDC-894BA3C8DA1A":{"name":"Page 1","artboards":{"06687B7B-BDD0-4942-9153-8DA3646E1E64":{"name":"authentication-service"},"5347BBF8-A151-43FD-A9A5-FE5EE3485D29":{"name":"mailer-service"},"684E6BA1-10FB-4DF8-BE9C-C792043FF2D5":{"name":"infinity-service"},"67F1CF10-E34D-4C7F-ADBD-231CC9967F59":{"name":"infinity"},"EB11DBC1-499D-4D39-9A7F-2F26A035621E":{"name":"subscription-service"},"0C0AF4A1-44A3-4589-AA3E-78024E69DA86":{"name":"media"}}}},"version":112,"fonts":["AvenirNext-Bold","AvenirNext-Medium"],"compatibilityVersion":99,"app":"com.bohemiancoding.sketch3","autosaved":0,"variant":"NONAPPSTORE","created":{"commit":"ebc3e0ead0906f5810891944454a71b877934b56","appVersion":"52.5","build":67469,"app":"com.bohemiancoding.sketch3","compatibilityVersion":99,"version":112,"variant":"NONAPPSTORE"},"saveHistory":["NONAPPSTORE.67469"],"appVersion":"52.5","build":67469}